{
  "file_mtimes": {
    "/Users/yu/Desktop/Love/security/peace-state.json": 1775595857.1979954,
    "/Users/yu/Desktop/Love/security/events.jsonl": 1775596280.2548041,
    "/Users/yu/Desktop/Love/decisions/queue.json": 1775537426.502071,
    "/Users/yu/Desktop/Love/memory/loop/loop-state.json": 1775536091.1364143
  },
  "events_size": 877320,
  "last_verdict": "SIGNAL",
  "timestamp": "2026-04-07T21:15:03.100469+00:00"
}
